city,salary,members,basketConsPlusRent,LocalPuchasingPowerIndex,QualityIndex
Verona,1000.0,1,7431.9,1.6,173.1
Verona,1300.0,1,7431.9,2.1,189.3
Verona,1500.0,1,7431.9,2.5,200.1
Verona,1748.2,1,7431.9,2.9,213.4
Verona,1800.0,1,7431.9,3.0,216.2
Verona,2000.0,1,7431.9,3.3,227.0
Verona,2500.0,1,7431.9,4.1,253.9
Verona,3000.0,1,7431.9,4.9,280.8
Verona,3500.0,1,7431.9,5.8,307.7
Verona,1000.0,2,14590.2,0.8,146.7
Verona,1300.0,2,14590.2,1.1,155.0
Verona,1500.0,2,14590.2,1.3,160.4
Verona,1748.2,2,14590.2,1.5,167.2
Verona,1800.0,2,14590.2,1.5,168.7
Verona,2000.0,2,14590.2,1.7,174.1
Verona,2500.0,2,14590.2,2.1,187.9
Verona,3000.0,2,14590.2,2.5,201.6
Verona,3500.0,2,14590.2,2.9,215.3
Verona,1000.0,3,21669.5,0.6,137.8
Verona,1300.0,3,21669.5,0.7,143.3
Verona,1500.0,3,21669.5,0.8,147.0
Verona,1748.2,3,21669.5,1.0,151.6
Verona,1800.0,3,21669.5,1.0,152.5
Verona,2000.0,3,21669.5,1.1,156.2
Verona,2500.0,3,21669.5,1.4,165.5
Verona,3000.0,3,21669.5,1.7,174.7
Verona,3500.0,3,21669.5,2.0,183.9
Verona,1000.0,4,28425.3,0.4,133.4
Verona,1300.0,4,28425.3,0.6,137.6
Verona,1500.0,4,28425.3,0.6,140.4
Verona,1748.2,4,28425.3,0.8,143.9
Verona,1800.0,4,28425.3,0.8,144.6
Verona,2000.0,4,28425.3,0.9,147.5
Verona,2500.0,4,28425.3,1.1,154.5
Verona,3000.0,4,28425.3,1.3,161.5
Verona,3500.0,4,28425.3,1.5,168.6
Venice,1000.0,1,7271.8,1.7,162.5
Venice,1300.0,1,7271.8,2.2,179.0
Venice,1500.0,1,7271.8,2.5,190.0
Venice,1748.2,1,7271.8,2.9,203.7
Venice,1800.0,1,7271.8,3.0,206.5
Venice,2000.0,1,7271.8,3.4,217.5
Venice,2500.0,1,7271.8,4.2,245.0
Venice,3000.0,1,7271.8,5.0,272.5
Venice,3500.0,1,7271.8,5.9,300.0
Venice,1000.0,2,14267.8,0.9,135.5
Venice,1300.0,2,14267.8,1.1,143.9
Venice,1500.0,2,14267.8,1.3,149.6
Venice,1748.2,2,14267.8,1.5,156.5
Venice,1800.0,2,14267.8,1.5,158.0
Venice,2000.0,2,14267.8,1.7,163.6
Venice,2500.0,2,14267.8,2.1,177.6
Venice,3000.0,2,14267.8,2.6,191.6
Venice,3500.0,2,14267.8,3.0,205.6
Venice,1000.0,3,21188.6,0.6,126.4
Venice,1300.0,3,21188.6,0.7,132.0
Venice,1500.0,3,21188.6,0.9,135.8
Venice,1748.2,3,21188.6,1.0,140.5
Venice,1800.0,3,21188.6,1.0,141.5
Venice,2000.0,3,21188.6,1.2,145.3
Venice,2500.0,3,21188.6,1.4,154.7
Venice,3000.0,3,21188.6,1.7,164.1
Venice,3500.0,3,21188.6,2.0,173.6
Venice,1000.0,4,27769.2,0.4,121.9
Venice,1300.0,4,27769.2,0.6,126.2
Venice,1500.0,4,27769.2,0.7,129.1
Venice,1748.2,4,27769.2,0.8,132.7
Venice,1800.0,4,27769.2,0.8,133.4
Venice,2000.0,4,27769.2,0.9,136.3
Venice,2500.0,4,27769.2,1.1,143.5
Venice,3000.0,4,27769.2,1.3,150.7
Venice,3500.0,4,27769.2,1.5,157.9
Varese,1000.0,1,8013.1,1.5,161.0
Varese,1300.0,1,8013.1,2.0,176.0
Varese,1500.0,1,8013.1,2.3,185.9
Varese,1748.2,1,8013.1,2.7,198.3
Varese,1800.0,1,8013.1,2.7,200.9
Varese,2000.0,1,8013.1,3.0,210.9
Varese,2500.0,1,8013.1,3.8,235.9
Varese,3000.0,1,8013.1,4.6,260.8
Varese,3500.0,1,8013.1,5.3,285.8
Varese,1000.0,2,15746.5,0.8,136.5
Varese,1300.0,2,15746.5,1.0,144.1
Varese,1500.0,2,15746.5,1.2,149.2
Varese,1748.2,2,15746.5,1.4,155.5
Varese,1800.0,2,15746.5,1.4,156.8
Varese,2000.0,2,15746.5,1.6,161.9
Varese,2500.0,2,15746.5,1.9,174.6
Varese,3000.0,2,15746.5,2.3,187.3
Varese,3500.0,2,15746.5,2.7,200.0
Varese,1000.0,3,23390.1,0.5,128.2
Varese,1300.0,3,23390.1,0.7,133.3
Varese,1500.0,3,23390.1,0.8,136.7
Varese,1748.2,3,23390.1,0.9,141.0
Varese,1800.0,3,23390.1,0.9,141.9
Varese,2000.0,3,23390.1,1.0,145.3
Varese,2500.0,3,23390.1,1.3,153.8
Varese,3000.0,3,23390.1,1.6,162.4
Varese,3500.0,3,23390.1,1.8,170.9
Varese,1000.0,4,30687.2,0.4,124.1
Varese,1300.0,4,30687.2,0.5,128.0
Varese,1500.0,4,30687.2,0.6,130.6
Varese,1748.2,4,30687.2,0.7,133.9
Varese,1800.0,4,30687.2,0.7,134.5
Varese,2000.0,4,30687.2,0.8,137.1
Varese,2500.0,4,30687.2,1.0,143.7
Varese,3000.0,4,30687.2,1.2,150.2
Varese,3500.0,4,30687.2,1.4,156.7
Udine,1000.0,1,6734.2,1.8,199.3
Udine,1300.0,1,6734.2,2.4,217.2
Udine,1500.0,1,6734.2,2.7,229.0
Udine,1748.2,1,6734.2,3.2,243.8
Udine,1800.0,1,6734.2,3.3,246.9
Udine,2000.0,1,6734.2,3.6,258.7
Udine,2500.0,1,6734.2,4.5,288.4
Udine,3000.0,1,6734.2,5.4,318.1
Udine,3500.0,1,6734.2,6.3,347.8
Udine,1000.0,2,13246.6,0.9,170.1
Udine,1300.0,2,13246.6,1.2,179.2
Udine,1500.0,2,13246.6,1.4,185.2
Udine,1748.2,2,13246.6,1.6,192.7
Udine,1800.0,2,13246.6,1.7,194.3
Udine,2000.0,2,13246.6,1.8,200.3
Udine,2500.0,2,13246.6,2.3,215.4
Udine,3000.0,2,13246.6,2.8,230.5
Udine,3500.0,2,13246.6,3.2,245.6
Udine,1000.0,3,19687.9,0.6,160.3
Udine,1300.0,3,19687.9,0.8,166.3
Udine,1500.0,3,19687.9,0.9,170.4
Udine,1748.2,3,19687.9,1.1,175.5
Udine,1800.0,3,19687.9,1.1,176.5
Udine,2000.0,3,19687.9,1.2,180.6
Udine,2500.0,3,19687.9,1.6,190.7
Udine,3000.0,3,19687.9,1.9,200.9
Udine,3500.0,3,19687.9,2.2,211.0
Udine,1000.0,4,25803.7,0.5,155.4
Udine,1300.0,4,25803.7,0.6,160.1
Udine,1500.0,4,25803.7,0.7,163.2
Udine,1748.2,4,25803.7,0.8,167.0
Udine,1800.0,4,25803.7,0.9,167.8
Udine,2000.0,4,25803.7,0.9,170.9
Udine,2500.0,4,25803.7,1.2,178.7
Udine,3000.0,4,25803.7,1.4,186.4
Udine,3500.0,4,25803.7,1.7,194.2
Turin,1000.0,1,7287.6,1.7,159.8
Turin,1300.0,1,7287.6,2.2,176.2
Turin,1500.0,1,7287.6,2.5,187.2
Turin,1748.2,1,7287.6,2.9,200.8
Turin,1800.0,1,7287.6,3.0,203.7
Turin,2000.0,1,7287.6,3.4,214.6
Turin,2500.0,1,7287.6,4.2,242.1
Turin,3000.0,1,7287.6,5.0,269.5
Turin,3500.0,1,7287.6,5.9,297.0
Turin,1000.0,2,14327.1,0.9,132.8
Turin,1300.0,2,14327.1,1.1,141.2
Turin,1500.0,2,14327.1,1.3,146.7
Turin,1748.2,2,14327.1,1.5,153.7
Turin,1800.0,2,14327.1,1.5,155.1
Turin,2000.0,2,14327.1,1.7,160.7
Turin,2500.0,2,14327.1,2.1,174.7
Turin,3000.0,2,14327.1,2.6,188.6
Turin,3500.0,2,14327.1,3.0,202.6
Turin,1000.0,3,21285.3,0.6,123.7
Turin,1300.0,3,21285.3,0.7,129.3
Turin,1500.0,3,21285.3,0.9,133.1
Turin,1748.2,3,21285.3,1.0,137.7
Turin,1800.0,3,21285.3,1.0,138.7
Turin,2000.0,3,21285.3,1.1,142.5
Turin,2500.0,3,21285.3,1.4,151.9
Turin,3000.0,3,21285.3,1.7,161.2
Turin,3500.0,3,21285.3,2.0,170.6
Turin,1000.0,4,27920.2,0.4,119.2
Turin,1300.0,4,27920.2,0.6,123.5
Turin,1500.0,4,27920.2,0.7,126.4
Turin,1748.2,4,27920.2,0.8,129.9
Turin,1800.0,4,27920.2,0.8,130.7
Turin,2000.0,4,27920.2,0.9,133.5
Turin,2500.0,4,27920.2,1.1,140.7
Turin,3000.0,4,27920.2,1.3,147.9
Turin,3500.0,4,27920.2,1.5,155.0
Trieste,1000.0,1,8034.3,1.5,186.0
Trieste,1300.0,1,8034.3,2.0,201.0
Trieste,1500.0,1,8034.3,2.3,210.9
Trieste,1748.2,1,8034.3,2.7,223.3
Trieste,1800.0,1,8034.3,2.7,225.9
Trieste,2000.0,1,8034.3,3.0,235.8
Trieste,2500.0,1,8034.3,3.8,260.7
Trieste,3000.0,1,8034.3,4.6,285.6
Trieste,3500.0,1,8034.3,5.3,310.5
Trieste,1000.0,2,15828.7,0.8,161.5
Trieste,1300.0,2,15828.7,1.0,169.1
Trieste,1500.0,2,15828.7,1.2,174.2
Trieste,1748.2,2,15828.7,1.3,180.4
Trieste,1800.0,2,15828.7,1.4,181.7
Trieste,2000.0,2,15828.7,1.5,186.8
Trieste,2500.0,2,15828.7,1.9,199.4
Trieste,3000.0,2,15828.7,2.3,212.1
Trieste,3500.0,2,15828.7,2.7,224.7
Trieste,1000.0,3,23537.1,0.5,153.2
Trieste,1300.0,3,23537.1,0.7,158.3
Trieste,1500.0,3,23537.1,0.8,161.7
Trieste,1748.2,3,23537.1,0.9,166.0
Trieste,1800.0,3,23537.1,0.9,166.8
Trieste,2000.0,3,23537.1,1.0,170.2
Trieste,2500.0,3,23537.1,1.3,178.7
Trieste,3000.0,3,23537.1,1.6,187.2
Trieste,3500.0,3,23537.1,1.8,195.7
Trieste,1000.0,4,30934.7,0.4,149.2
Trieste,1300.0,4,30934.7,0.5,153.1
Trieste,1500.0,4,30934.7,0.6,155.6
Trieste,1748.2,4,30934.7,0.7,158.9
Trieste,1800.0,4,30934.7,0.7,159.5
Trieste,2000.0,4,30934.7,0.8,162.1
Trieste,2500.0,4,30934.7,1.0,168.6
Trieste,3000.0,4,30934.7,1.2,175.0
Trieste,3500.0,4,30934.7,1.4,181.5
Treviso,1000.0,1,7405.7,1.6,186.6
Treviso,1300.0,1,7405.7,2.1,202.8
Treviso,1500.0,1,7405.7,2.5,213.6
Treviso,1748.2,1,7405.7,2.9,227.0
Treviso,1800.0,1,7405.7,3.0,229.8
Treviso,2000.0,1,7405.7,3.3,240.6
Treviso,2500.0,1,7405.7,4.1,267.6
Treviso,3000.0,1,7405.7,4.9,294.6
Treviso,3500.0,1,7405.7,5.8,321.6
Treviso,1000.0,2,14555.4,0.8,160.1
Treviso,1300.0,2,14555.4,1.1,168.3
Treviso,1500.0,2,14555.4,1.3,173.8
Treviso,1748.2,2,14555.4,1.5,180.6
Treviso,1800.0,2,14555.4,1.5,182.1
Treviso,2000.0,2,14555.4,1.7,187.6
Treviso,2500.0,2,14555.4,2.1,201.3
Treviso,3000.0,2,14555.4,2.5,215.0
Treviso,3500.0,2,14555.4,2.9,228.8
Treviso,1000.0,3,21621.3,0.6,151.1
Treviso,1300.0,3,21621.3,0.7,156.6
Treviso,1500.0,3,21621.3,0.8,160.3
Treviso,1748.2,3,21621.3,1.0,164.9
Treviso,1800.0,3,21621.3,1.0,165.9
Treviso,2000.0,3,21621.3,1.1,169.6
Treviso,2500.0,3,21621.3,1.4,178.8
Treviso,3000.0,3,21621.3,1.7,188.1
Treviso,3500.0,3,21621.3,2.0,197.3
Treviso,1000.0,4,28365.9,0.4,146.7
Treviso,1300.0,4,28365.9,0.6,150.9
Treviso,1500.0,4,28365.9,0.6,153.7
Treviso,1748.2,4,28365.9,0.8,157.2
Treviso,1800.0,4,28365.9,0.8,158.0
Treviso,2000.0,4,28365.9,0.9,160.8
Treviso,2500.0,4,28365.9,1.1,167.8
Treviso,3000.0,4,28365.9,1.3,174.9
Treviso,3500.0,4,28365.9,1.5,182.0
Trento,1000.0,1,7715.5,1.6,200.8
Trento,1300.0,1,7715.5,2.1,216.4
Trento,1500.0,1,7715.5,2.4,226.8
Trento,1748.2,1,7715.5,2.8,239.6
Trento,1800.0,1,7715.5,2.9,242.3
Trento,2000.0,1,7715.5,3.2,252.7
Trento,2500.0,1,7715.5,4.0,278.6
Trento,3000.0,1,7715.5,4.8,304.5
Trento,3500.0,1,7715.5,5.5,330.4
Trento,1000.0,2,15141.0,0.8,175.4
Trento,1300.0,2,15141.0,1.0,183.3
Trento,1500.0,2,15141.0,1.2,188.6
Trento,1748.2,2,15141.0,1.4,195.2
Trento,1800.0,2,15141.0,1.5,196.5
Trento,2000.0,2,15141.0,1.6,201.8
Trento,2500.0,2,15141.0,2.0,215.0
Trento,3000.0,2,15141.0,2.4,228.2
Trento,3500.0,2,15141.0,2.8,241.5
Trento,1000.0,3,22471.5,0.5,166.8
Trento,1300.0,3,22471.5,0.7,172.1
Trento,1500.0,3,22471.5,0.8,175.7
Trento,1748.2,3,22471.5,1.0,180.1
Trento,1800.0,3,22471.5,1.0,181.0
Trento,2000.0,3,22471.5,1.1,184.6
Trento,2500.0,3,22471.5,1.4,193.5
Trento,3000.0,3,22471.5,1.6,202.4
Trento,3500.0,3,22471.5,1.9,211.3
Trento,1000.0,4,29449.3,0.4,162.6
Trento,1300.0,4,29449.3,0.5,166.6
Trento,1500.0,4,29449.3,0.6,169.4
Trento,1748.2,4,29449.3,0.7,172.7
Trento,1800.0,4,29449.3,0.7,173.4
Trento,2000.0,4,29449.3,0.8,176.2
Trento,2500.0,4,29449.3,1.0,182.9
Trento,3000.0,4,29449.3,1.2,189.7
Trento,3500.0,4,29449.3,1.5,196.5
Salerno,1000.0,1,6016.9,2.0,191.0
Salerno,1300.0,1,6016.9,2.6,210.9
Salerno,1500.0,1,6016.9,3.0,224.2
Salerno,1748.2,1,6016.9,3.5,240.7
Salerno,1800.0,1,6016.9,3.7,244.2
Salerno,2000.0,1,6016.9,4.1,257.5
Salerno,2500.0,1,6016.9,5.1,290.7
Salerno,3000.0,1,6016.9,6.1,323.9
Salerno,3500.0,1,6016.9,7.1,357.2
Salerno,1000.0,2,11766.4,1.0,158.5
Salerno,1300.0,2,11766.4,1.3,168.7
Salerno,1500.0,2,11766.4,1.6,175.5
Salerno,1748.2,2,11766.4,1.8,183.9
Salerno,1800.0,2,11766.4,1.9,185.7
Salerno,2000.0,2,11766.4,2.1,192.5
Salerno,2500.0,2,11766.4,2.6,209.5
Salerno,3000.0,2,11766.4,3.1,226.5
Salerno,3500.0,2,11766.4,3.6,243.5
Salerno,1000.0,3,17430.3,0.7,147.5
Salerno,1300.0,3,17430.3,0.9,154.3
Salerno,1500.0,3,17430.3,1.1,158.9
Salerno,1748.2,3,17430.3,1.2,164.6
Salerno,1800.0,3,17430.3,1.3,165.8
Salerno,2000.0,3,17430.3,1.4,170.4
Salerno,2500.0,3,17430.3,1.8,181.9
Salerno,3000.0,3,17430.3,2.1,193.3
Salerno,3500.0,3,17430.3,2.5,204.8
Salerno,1000.0,4,22789.6,0.5,142.1
Salerno,1300.0,4,22789.6,0.7,147.3
Salerno,1500.0,4,22789.6,0.8,150.8
Salerno,1748.2,4,22789.6,0.9,155.2
Salerno,1800.0,4,22789.6,1.0,156.1
Salerno,2000.0,4,22789.6,1.1,159.6
Salerno,2500.0,4,22789.6,1.3,168.4
Salerno,3000.0,4,22789.6,1.6,177.2
Salerno,3500.0,4,22789.6,1.9,185.9
Rome,1000.0,1,8065.6,1.5,144.6
Rome,1300.0,1,8065.6,2.0,159.5
Rome,1500.0,1,8065.6,2.3,169.4
Rome,1748.2,1,8065.6,2.6,181.7
Rome,1800.0,1,8065.6,2.7,184.3
Rome,2000.0,1,8065.6,3.0,194.2
Rome,2500.0,1,8065.6,3.8,219.0
Rome,3000.0,1,8065.6,4.5,243.8
Rome,3500.0,1,8065.6,5.3,268.6
Rome,1000.0,2,15749.6,0.8,120.4
Rome,1300.0,2,15749.6,1.0,128.0
Rome,1500.0,2,15749.6,1.2,133.1
Rome,1748.2,2,15749.6,1.4,139.4
Rome,1800.0,2,15749.6,1.4,140.7
Rome,2000.0,2,15749.6,1.6,145.8
Rome,2500.0,2,15749.6,1.9,158.5
Rome,3000.0,2,15749.6,2.3,171.2
Rome,3500.0,2,15749.6,2.7,183.9
Rome,1000.0,3,23341.4,0.5,112.2
Rome,1300.0,3,23341.4,0.7,117.3
Rome,1500.0,3,23341.4,0.8,120.7
Rome,1748.2,3,23341.4,0.9,125.0
Rome,1800.0,3,23341.4,0.9,125.9
Rome,2000.0,3,23341.4,1.0,129.3
Rome,2500.0,3,23341.4,1.3,137.9
Rome,3000.0,3,23341.4,1.6,146.4
Rome,3500.0,3,23341.4,1.8,155.0
Rome,1000.0,4,30605.6,0.4,108.1
Rome,1300.0,4,30605.6,0.5,112.0
Rome,1500.0,4,30605.6,0.6,114.6
Rome,1748.2,4,30605.6,0.7,117.9
Rome,1800.0,4,30605.6,0.7,118.5
Rome,2000.0,4,30605.6,0.8,121.2
Rome,2500.0,4,30605.6,1.0,127.7
Rome,3000.0,4,30605.6,1.2,134.2
Rome,3500.0,4,30605.6,1.4,140.8
Rimini,1000.0,1,7264.5,1.7,204.4
Rimini,1300.0,1,7264.5,2.2,220.9
Rimini,1500.0,1,7264.5,2.5,231.9
Rimini,1748.2,1,7264.5,2.9,245.6
Rimini,1800.0,1,7264.5,3.0,248.5
Rimini,2000.0,1,7264.5,3.4,259.5
Rimini,2500.0,1,7264.5,4.2,287.0
Rimini,3000.0,1,7264.5,5.0,314.5
Rimini,3500.0,1,7264.5,5.9,342.1
Rimini,1000.0,2,14294.4,0.9,177.3
Rimini,1300.0,2,14294.4,1.1,185.7
Rimini,1500.0,2,14294.4,1.3,191.3
Rimini,1748.2,2,14294.4,1.5,198.3
Rimini,1800.0,2,14294.4,1.5,199.7
Rimini,2000.0,2,14294.4,1.7,205.3
Rimini,2500.0,2,14294.4,2.1,219.3
Rimini,3000.0,2,14294.4,2.6,233.3
Rimini,3500.0,2,14294.4,3.0,247.3
Rimini,1000.0,3,21249.6,0.6,168.2
Rimini,1300.0,3,21249.6,0.7,173.8
Rimini,1500.0,3,21249.6,0.9,177.6
Rimini,1748.2,3,21249.6,1.0,182.3
Rimini,1800.0,3,21249.6,1.0,183.2
Rimini,2000.0,3,21249.6,1.1,187.0
Rimini,2500.0,3,21249.6,1.4,196.4
Rimini,3000.0,3,21249.6,1.7,205.8
Rimini,3500.0,3,21249.6,2.0,215.2
Rimini,1000.0,4,27841.5,0.4,163.7
Rimini,1300.0,4,27841.5,0.6,168.0
Rimini,1500.0,4,27841.5,0.7,170.9
Rimini,1748.2,4,27841.5,0.8,174.5
Rimini,1800.0,4,27841.5,0.8,175.2
Rimini,2000.0,4,27841.5,0.9,178.1
Rimini,2500.0,4,27841.5,1.1,185.3
Rimini,3000.0,4,27841.5,1.3,192.4
Rimini,3500.0,4,27841.5,1.5,199.6
Reggio Nell'emilia,1000.0,1,9394.0,1.3,161.3
Reggio Nell'emilia,1300.0,1,9394.0,1.7,174.0
Reggio Nell'emilia,1500.0,1,9394.0,2.0,182.5
Reggio Nell'emilia,1748.2,1,9394.0,2.3,193.1
Reggio Nell'emilia,1800.0,1,9394.0,2.3,195.3
Reggio Nell'emilia,2000.0,1,9394.0,2.6,203.8
Reggio Nell'emilia,2500.0,1,9394.0,3.3,225.1
Reggio Nell'emilia,3000.0,1,9394.0,3.9,246.4
Reggio Nell'emilia,3500.0,1,9394.0,4.6,267.7
Reggio Nell'emilia,1000.0,2,18538.5,0.7,140.3
Reggio Nell'emilia,1300.0,2,18538.5,0.9,146.7
Reggio Nell'emilia,1500.0,2,18538.5,1.0,151.0
Reggio Nell'emilia,1748.2,2,18538.5,1.2,156.4
Reggio Nell'emilia,1800.0,2,18538.5,1.2,157.5
Reggio Nell'emilia,2000.0,2,18538.5,1.3,161.8
Reggio Nell'emilia,2500.0,2,18538.5,1.6,172.6
Reggio Nell'emilia,3000.0,2,18538.5,2.0,183.4
Reggio Nell'emilia,3500.0,2,18538.5,2.3,194.2
Reggio Nell'emilia,1000.0,3,27586.0,0.4,133.2
Reggio Nell'emilia,1300.0,3,27586.0,0.6,137.5
Reggio Nell'emilia,1500.0,3,27586.0,0.7,140.4
Reggio Nell'emilia,1748.2,3,27586.0,0.8,144.0
Reggio Nell'emilia,1800.0,3,27586.0,0.8,144.8
Reggio Nell'emilia,2000.0,3,27586.0,0.9,147.7
Reggio Nell'emilia,2500.0,3,27586.0,1.1,154.9
Reggio Nell'emilia,3000.0,3,27586.0,1.3,162.2
Reggio Nell'emilia,3500.0,3,27586.0,1.6,169.4
Reggio Nell'emilia,1000.0,4,36293.2,0.3,129.7
Reggio Nell'emilia,1300.0,4,36293.2,0.4,133.0
Reggio Nell'emilia,1500.0,4,36293.2,0.5,135.2
Reggio Nell'emilia,1748.2,4,36293.2,0.6,137.9
Reggio Nell'emilia,1800.0,4,36293.2,0.6,138.5
Reggio Nell'emilia,2000.0,4,36293.2,0.7,140.7
Reggio Nell'emilia,2500.0,4,36293.2,0.8,146.2
Reggio Nell'emilia,3000.0,4,36293.2,1.0,151.7
Reggio Nell'emilia,3500.0,4,36293.2,1.2,157.2
Reggio Di Calabria,1000.0,1,5995.3,2.0,168.3
Reggio Di Calabria,1300.0,1,5995.3,2.6,188.3
Reggio Di Calabria,1500.0,1,5995.3,3.1,201.7
Reggio Di Calabria,1748.2,1,5995.3,3.6,218.2
Reggio Di Calabria,1800.0,1,5995.3,3.7,221.7
Reggio Di Calabria,2000.0,1,5995.3,4.1,235.0
Reggio Di Calabria,2500.0,1,5995.3,5.1,268.4
Reggio Di Calabria,3000.0,1,5995.3,6.1,301.8
Reggio Di Calabria,3500.0,1,5995.3,7.1,335.1
Reggio Di Calabria,1000.0,2,11827.4,1.0,135.4
Reggio Di Calabria,1300.0,2,11827.4,1.3,145.6
Reggio Di Calabria,1500.0,2,11827.4,1.5,152.3
Reggio Di Calabria,1748.2,2,11827.4,1.8,160.7
Reggio Di Calabria,1800.0,2,11827.4,1.9,162.5
Reggio Di Calabria,2000.0,2,11827.4,2.1,169.2
Reggio Di Calabria,2500.0,2,11827.4,2.6,186.2
Reggio Di Calabria,3000.0,2,11827.4,3.1,203.1
Reggio Di Calabria,3500.0,2,11827.4,3.6,220.0
Reggio Di Calabria,1000.0,3,17578.5,0.7,124.4
Reggio Di Calabria,1300.0,3,17578.5,0.9,131.2
Reggio Di Calabria,1500.0,3,17578.5,1.0,135.7
Reggio Di Calabria,1748.2,3,17578.5,1.2,141.4
Reggio Di Calabria,1800.0,3,17578.5,1.3,142.6
Reggio Di Calabria,2000.0,3,17578.5,1.4,147.1
Reggio Di Calabria,2500.0,3,17578.5,1.7,158.5
Reggio Di Calabria,3000.0,3,17578.5,2.1,169.9
Reggio Di Calabria,3500.0,3,17578.5,2.4,181.2
Reggio Di Calabria,1000.0,4,23037.8,0.5,119.0
Reggio Di Calabria,1300.0,4,23037.8,0.7,124.2
Reggio Di Calabria,1500.0,4,23037.8,0.8,127.6
Reggio Di Calabria,1748.2,4,23037.8,0.9,132.0
Reggio Di Calabria,1800.0,4,23037.8,1.0,132.9
Reggio Di Calabria,2000.0,4,23037.8,1.1,136.3
Reggio Di Calabria,2500.0,4,23037.8,1.3,145.0
Reggio Di Calabria,3000.0,4,23037.8,1.6,153.7
Reggio Di Calabria,3500.0,4,23037.8,1.9,162.4
Pordenone,1000.0,1,7295.5,1.7,205.7
Pordenone,1300.0,1,7295.5,2.2,222.2
Pordenone,1500.0,1,7295.5,2.5,233.1
Pordenone,1748.2,1,7295.5,2.9,246.8
Pordenone,1800.0,1,7295.5,3.0,249.6
Pordenone,2000.0,1,7295.5,3.3,260.6
Pordenone,2500.0,1,7295.5,4.2,288.0
Pordenone,3000.0,1,7295.5,5.0,315.4
Pordenone,3500.0,1,7295.5,5.9,342.8
Pordenone,1000.0,2,14367.5,0.9,178.7
Pordenone,1300.0,2,14367.5,1.1,187.1
Pordenone,1500.0,2,14367.5,1.3,192.7
Pordenone,1748.2,2,14367.5,1.5,199.6
Pordenone,1800.0,2,14367.5,1.5,201.0
Pordenone,2000.0,2,14367.5,1.7,206.6
Pordenone,2500.0,2,14367.5,2.1,220.5
Pordenone,3000.0,2,14367.5,2.6,234.4
Pordenone,3500.0,2,14367.5,3.0,248.3
Pordenone,1000.0,3,21359.7,0.6,169.6
Pordenone,1300.0,3,21359.7,0.7,175.3
Pordenone,1500.0,3,21359.7,0.9,179.0
Pordenone,1748.2,3,21359.7,1.0,183.6
Pordenone,1800.0,3,21359.7,1.0,184.6
Pordenone,2000.0,3,21359.7,1.1,188.4
Pordenone,2500.0,3,21359.7,1.4,197.7
Pordenone,3000.0,3,21359.7,1.7,207.1
Pordenone,3500.0,3,21359.7,2.0,216.4
Pordenone,1000.0,4,27992.9,0.4,165.2
Pordenone,1300.0,4,27992.9,0.6,169.5
Pordenone,1500.0,4,27992.9,0.7,172.3
Pordenone,1748.2,4,27992.9,0.8,175.9
Pordenone,1800.0,4,27992.9,0.8,176.6
Pordenone,2000.0,4,27992.9,0.9,179.5
Pordenone,2500.0,4,27992.9,1.1,186.6
Pordenone,3000.0,4,27992.9,1.3,193.8
Pordenone,3500.0,4,27992.9,1.5,200.9
Pisa,1000.0,1,7235.4,1.7,182.2
Pisa,1300.0,1,7235.4,2.2,198.8
Pisa,1500.0,1,7235.4,2.5,209.9
Pisa,1748.2,1,7235.4,3.0,223.6
Pisa,1800.0,1,7235.4,3.0,226.5
Pisa,2000.0,1,7235.4,3.4,237.5
Pisa,2500.0,1,7235.4,4.2,265.2
Pisa,3000.0,1,7235.4,5.1,292.8
Pisa,3500.0,1,7235.4,5.9,320.4
Pisa,1000.0,2,14237.0,0.9,155.0
Pisa,1300.0,2,14237.0,1.1,163.5
Pisa,1500.0,2,14237.0,1.3,169.1
Pisa,1748.2,2,14237.0,1.5,176.1
Pisa,1800.0,2,14237.0,1.5,177.5
Pisa,2000.0,2,14237.0,1.7,183.1
Pisa,2500.0,2,14237.0,2.1,197.2
Pisa,3000.0,2,14237.0,2.6,211.2
Pisa,3500.0,2,14237.0,3.0,225.3
Pisa,1000.0,3,21148.0,0.6,145.9
Pisa,1300.0,3,21148.0,0.8,151.5
Pisa,1500.0,3,21148.0,0.9,155.3
Pisa,1748.2,3,21148.0,1.0,160.0
Pisa,1800.0,3,21148.0,1.0,161.0
Pisa,2000.0,3,21148.0,1.2,164.8
Pisa,2500.0,3,21148.0,1.4,174.2
Pisa,3000.0,3,21148.0,1.7,183.7
Pisa,3500.0,3,21148.0,2.0,193.1
Pisa,1000.0,4,27765.1,0.4,141.4
Pisa,1300.0,4,27765.1,0.6,145.7
Pisa,1500.0,4,27765.1,0.7,148.6
Pisa,1748.2,4,27765.1,0.8,152.1
Pisa,1800.0,4,27765.1,0.8,152.9
Pisa,2000.0,4,27765.1,0.9,155.8
Pisa,2500.0,4,27765.1,1.1,163.0
Pisa,3000.0,4,27765.1,1.3,170.2
Pisa,3500.0,4,27765.1,1.5,177.4
Pescara,1000.0,1,7196.4,1.7,164.4
Pescara,1300.0,1,7196.4,2.2,181.1
Pescara,1500.0,1,7196.4,2.5,192.2
Pescara,1748.2,1,7196.4,3.0,206.0
Pescara,1800.0,1,7196.4,3.1,208.9
Pescara,2000.0,1,7196.4,3.4,220.0
Pescara,2500.0,1,7196.4,4.2,247.8
Pescara,3000.0,1,7196.4,5.1,275.6
Pescara,3500.0,1,7196.4,5.9,303.3
Pescara,1000.0,2,14149.1,0.9,137.1
Pescara,1300.0,2,14149.1,1.1,145.6
Pescara,1500.0,2,14149.1,1.3,151.2
Pescara,1748.2,2,14149.1,1.5,158.2
Pescara,1800.0,2,14149.1,1.6,159.7
Pescara,2000.0,2,14149.1,1.7,165.3
Pescara,2500.0,2,14149.1,2.2,179.5
Pescara,3000.0,2,14149.1,2.6,193.6
Pescara,3500.0,2,14149.1,3.0,207.7
Pescara,1000.0,3,21014.3,0.6,127.8
Pescara,1300.0,3,21014.3,0.8,133.5
Pescara,1500.0,3,21014.3,0.9,137.4
Pescara,1748.2,3,21014.3,1.0,142.1
Pescara,1800.0,3,21014.3,1.0,143.1
Pescara,2000.0,3,21014.3,1.2,146.9
Pescara,2500.0,3,21014.3,1.5,156.4
Pescara,3000.0,3,21014.3,1.7,165.9
Pescara,3500.0,3,21014.3,2.0,175.4
Pescara,1000.0,4,27579.2,0.4,123.3
Pescara,1300.0,4,27579.2,0.6,127.7
Pescara,1500.0,4,27579.2,0.7,130.6
Pescara,1748.2,4,27579.2,0.8,134.2
Pescara,1800.0,4,27579.2,0.8,134.9
Pescara,2000.0,4,27579.2,0.9,137.8
Pescara,2500.0,4,27579.2,1.1,145.1
Pescara,3000.0,4,27579.2,1.3,152.3
Pescara,3500.0,4,27579.2,1.6,159.6
Perugia,1000.0,1,6510.5,1.9,184.5
Perugia,1300.0,1,6510.5,2.4,203.0
Perugia,1500.0,1,6510.5,2.8,215.3
Perugia,1748.2,1,6510.5,3.3,230.5
Perugia,1800.0,1,6510.5,3.4,233.7
Perugia,2000.0,1,6510.5,3.8,246.0
Perugia,2500.0,1,6510.5,4.7,276.7
Perugia,3000.0,1,6510.5,5.6,307.4
Perugia,3500.0,1,6510.5,6.6,338.1
Perugia,1000.0,2,12842.9,1.0,154.3
Perugia,1300.0,2,12842.9,1.2,163.6
Perugia,1500.0,2,12842.9,1.4,169.8
Perugia,1748.2,2,12842.9,1.7,177.6
Perugia,1800.0,2,12842.9,1.7,179.2
Perugia,2000.0,2,12842.9,1.9,185.4
Perugia,2500.0,2,12842.9,2.4,201.0
Perugia,3000.0,2,12842.9,2.9,216.5
Perugia,3500.0,2,12842.9,3.3,232.1
Perugia,1000.0,3,19099.5,0.6,144.1
Perugia,1300.0,3,19099.5,0.8,150.3
Perugia,1500.0,3,19099.5,1.0,154.5
Perugia,1748.2,3,19099.5,1.1,159.7
Perugia,1800.0,3,19099.5,1.2,160.8
Perugia,2000.0,3,19099.5,1.3,165.0
Perugia,2500.0,3,19099.5,1.6,175.5
Perugia,3000.0,3,19099.5,1.9,185.9
Perugia,3500.0,3,19099.5,2.2,196.4
Perugia,1000.0,4,25066.4,0.5,139.1
Perugia,1300.0,4,25066.4,0.6,143.9
Perugia,1500.0,4,25066.4,0.7,147.0
Perugia,1748.2,4,25066.4,0.9,151.0
Perugia,1800.0,4,25066.4,0.9,151.8
Perugia,2000.0,4,25066.4,1.0,155.0
Perugia,2500.0,4,25066.4,1.2,163.0
Perugia,3000.0,4,25066.4,1.5,171.0
Perugia,3500.0,4,25066.4,1.7,179.0
Pavia,1000.0,1,7078.9,1.7,175.2
Pavia,1300.0,1,7078.9,2.2,192.2
Pavia,1500.0,1,7078.9,2.6,203.5
Pavia,1748.2,1,7078.9,3.0,217.5
Pavia,1800.0,1,7078.9,3.1,220.4
Pavia,2000.0,1,7078.9,3.5,231.7
Pavia,2500.0,1,7078.9,4.3,260.0
Pavia,3000.0,1,7078.9,5.2,288.2
Pavia,3500.0,1,7078.9,6.0,316.5
Pavia,1000.0,2,13914.8,0.9,147.4
Pavia,1300.0,2,13914.8,1.1,156.1
Pavia,1500.0,2,13914.8,1.3,161.8
Pavia,1748.2,2,13914.8,1.5,169.0
Pavia,1800.0,2,13914.8,1.6,170.4
Pavia,2000.0,2,13914.8,1.8,176.2
Pavia,2500.0,2,13914.8,2.2,190.6
Pavia,3000.0,2,13914.8,2.6,204.9
Pavia,3500.0,2,13914.8,3.1,219.3
Pavia,1000.0,3,20681.3,0.6,138.0
Pavia,1300.0,3,20681.3,0.8,143.8
Pavia,1500.0,3,20681.3,0.9,147.7
Pavia,1748.2,3,20681.3,1.0,152.5
Pavia,1800.0,3,20681.3,1.1,153.5
Pavia,2000.0,3,20681.3,1.2,157.4
Pavia,2500.0,3,20681.3,1.5,167.0
Pavia,3000.0,3,20681.3,1.8,176.7
Pavia,3500.0,3,20681.3,2.1,186.4
Pavia,1000.0,4,27170.6,0.4,133.4
Pavia,1300.0,4,27170.6,0.6,137.8
Pavia,1500.0,4,27170.6,0.7,140.8
Pavia,1748.2,4,27170.6,0.8,144.4
Pavia,1800.0,4,27170.6,0.8,145.2
Pavia,2000.0,4,27170.6,0.9,148.1
Pavia,2500.0,4,27170.6,1.1,155.5
Pavia,3000.0,4,27170.6,1.3,162.9
Pavia,3500.0,4,27170.6,1.6,170.2
Parma,1000.0,1,7604.0,1.6,170.3
Parma,1300.0,1,7604.0,2.1,186.1
Parma,1500.0,1,7604.0,2.4,196.7
Parma,1748.2,1,7604.0,2.8,209.7
Parma,1800.0,1,7604.0,2.9,212.4
Parma,2000.0,1,7604.0,3.2,223.0
Parma,2500.0,1,7604.0,4.0,249.3
Parma,3000.0,1,7604.0,4.8,275.6
Parma,3500.0,1,7604.0,5.6,301.9
Parma,1000.0,2,14942.5,0.8,144.5
Parma,1300.0,2,14942.5,1.1,152.5
Parma,1500.0,2,14942.5,1.2,157.9
Parma,1748.2,2,14942.5,1.4,164.5
Parma,1800.0,2,14942.5,1.5,165.9
Parma,2000.0,2,14942.5,1.6,171.3
Parma,2500.0,2,14942.5,2.0,184.7
Parma,3000.0,2,14942.5,2.5,198.1
Parma,3500.0,2,14942.5,2.9,211.4
Parma,1000.0,3,22173.7,0.6,135.8
Parma,1300.0,3,22173.7,0.7,141.2
Parma,1500.0,3,22173.7,0.8,144.8
Parma,1748.2,3,22173.7,1.0,149.3
Parma,1800.0,3,22173.7,1.0,150.2
Parma,2000.0,3,22173.7,1.1,153.8
Parma,2500.0,3,22173.7,1.4,162.8
Parma,3000.0,3,22173.7,1.7,171.9
Parma,3500.0,3,22173.7,1.9,180.9
Parma,1000.0,4,29043.6,0.4,131.5
Parma,1300.0,4,29043.6,0.5,135.6
Parma,1500.0,4,29043.6,0.6,138.4
Parma,1748.2,4,29043.6,0.7,141.8
Parma,1800.0,4,29043.6,0.8,142.5
Parma,2000.0,4,29043.6,0.8,145.3
Parma,2500.0,4,29043.6,1.1,152.2
Parma,3000.0,4,29043.6,1.3,159.1
Parma,3500.0,4,29043.6,1.5,165.9
Palermo,1000.0,1,6184.0,2.0,178.3
Palermo,1300.0,1,6184.0,2.6,197.7
Palermo,1500.0,1,6184.0,3.0,210.6
Palermo,1748.2,1,6184.0,3.5,226.7
Palermo,1800.0,1,6184.0,3.6,230.0
Palermo,2000.0,1,6184.0,4.0,243.0
Palermo,2500.0,1,6184.0,4.9,275.3
Palermo,3000.0,1,6184.0,5.9,307.6
Palermo,3500.0,1,6184.0,6.9,340.0
Palermo,1000.0,2,12153.6,1.0,146.5
Palermo,1300.0,2,12153.6,1.3,156.4
Palermo,1500.0,2,12153.6,1.5,163.0
Palermo,1748.2,2,12153.6,1.8,171.1
Palermo,1800.0,2,12153.6,1.8,172.8
Palermo,2000.0,2,12153.6,2.0,179.4
Palermo,2500.0,2,12153.6,2.5,195.9
Palermo,3000.0,2,12153.6,3.0,212.3
Palermo,3500.0,2,12153.6,3.5,228.8
Palermo,1000.0,3,18044.1,0.7,135.8
Palermo,1300.0,3,18044.1,0.9,142.4
Palermo,1500.0,3,18044.1,1.0,146.8
Palermo,1748.2,3,18044.1,1.2,152.4
Palermo,1800.0,3,18044.1,1.2,153.5
Palermo,2000.0,3,18044.1,1.4,157.9
Palermo,2500.0,3,18044.1,1.7,169.0
Palermo,3000.0,3,18044.1,2.0,180.1
Palermo,3500.0,3,18044.1,2.4,191.2
Palermo,1000.0,4,23594.3,0.5,130.5
Palermo,1300.0,4,23594.3,0.7,135.6
Palermo,1500.0,4,23594.3,0.8,139.0
Palermo,1748.2,4,23594.3,0.9,143.2
Palermo,1800.0,4,23594.3,0.9,144.1
Palermo,2000.0,4,23594.3,1.0,147.5
Palermo,2500.0,4,23594.3,1.3,156.0
Palermo,3000.0,4,23594.3,1.6,164.5
Palermo,3500.0,4,23594.3,1.8,172.9
Padova,1000.0,1,7366.4,1.7,167.1
Padova,1300.0,1,7366.4,2.2,183.4
Padova,1500.0,1,7366.4,2.5,194.2
Padova,1748.2,1,7366.4,2.9,207.7
Padova,1800.0,1,7366.4,3.0,210.5
Padova,2000.0,1,7366.4,3.3,221.4
Padova,2500.0,1,7366.4,4.1,248.5
Padova,3000.0,1,7366.4,5.0,275.7
Padova,3500.0,1,7366.4,5.8,302.8
Padova,1000.0,2,14444.9,0.8,140.5
Padova,1300.0,2,14444.9,1.1,148.8
Padova,1500.0,2,14444.9,1.3,154.3
Padova,1748.2,2,14444.9,1.5,161.2
Padova,1800.0,2,14444.9,1.5,162.6
Padova,2000.0,2,14444.9,1.7,168.2
Padova,2500.0,2,14444.9,2.1,182.0
Padova,3000.0,2,14444.9,2.5,195.9
Padova,3500.0,2,14444.9,3.0,209.7
Padova,1000.0,3,21445.6,0.6,131.4
Padova,1300.0,3,21445.6,0.7,137.0
Padova,1500.0,3,21445.6,0.9,140.8
Padova,1748.2,3,21445.6,1.0,145.4
Padova,1800.0,3,21445.6,1.0,146.4
Padova,2000.0,3,21445.6,1.1,150.1
Padova,2500.0,3,21445.6,1.4,159.4
Padova,3000.0,3,21445.6,1.7,168.7
Padova,3500.0,3,21445.6,2.0,178.1
Padova,1000.0,4,28124.9,0.4,127.0
Padova,1300.0,4,28124.9,0.6,131.3
Padova,1500.0,4,28124.9,0.7,134.1
Padova,1748.2,4,28124.9,0.8,137.6
Padova,1800.0,4,28124.9,0.8,138.4
Padova,2000.0,4,28124.9,0.9,141.2
Padova,2500.0,4,28124.9,1.1,148.3
Padova,3000.0,4,28124.9,1.3,155.4
Padova,3500.0,4,28124.9,1.5,162.6
Naples,1000.0,1,6570.0,1.9,142.8
Naples,1300.0,1,6570.0,2.4,161.1
Naples,1500.0,1,6570.0,2.8,173.3
Naples,1748.2,1,6570.0,3.3,188.4
Naples,1800.0,1,6570.0,3.3,191.5
Naples,2000.0,1,6570.0,3.7,203.7
Naples,2500.0,1,6570.0,4.6,234.1
Naples,3000.0,1,6570.0,5.6,264.6
Naples,3500.0,1,6570.0,6.5,295.0
Naples,1000.0,2,12889.6,0.9,113.0
Naples,1300.0,2,12889.6,1.2,122.3
Naples,1500.0,2,12889.6,1.4,128.5
Naples,1748.2,2,12889.6,1.7,136.2
Naples,1800.0,2,12889.6,1.7,137.8
Naples,2000.0,2,12889.6,1.9,144.0
Naples,2500.0,2,12889.6,2.4,159.5
Naples,3000.0,2,12889.6,2.8,175.0
Naples,3500.0,2,12889.6,3.3,190.6
Naples,1000.0,3,19124.1,0.6,102.9
Naples,1300.0,3,19124.1,0.8,109.1
Naples,1500.0,3,19124.1,1.0,113.3
Naples,1748.2,3,19124.1,1.1,118.5
Naples,1800.0,3,19124.1,1.1,119.6
Naples,2000.0,3,19124.1,1.3,123.8
Naples,2500.0,3,19124.1,1.6,134.2
Naples,3000.0,3,19124.1,1.9,144.7
Naples,3500.0,3,19124.1,2.2,155.1
Naples,1000.0,4,24991.1,0.5,97.9
Naples,1300.0,4,24991.1,0.6,102.7
Naples,1500.0,4,24991.1,0.7,105.9
Naples,1748.2,4,24991.1,0.9,109.9
Naples,1800.0,4,24991.1,0.9,110.7
Naples,2000.0,4,24991.1,1.0,114.0
Naples,2500.0,4,24991.1,1.2,122.0
Naples,3000.0,4,24991.1,1.5,130.0
Naples,3500.0,4,24991.1,1.7,138.0
Monza,1000.0,1,7465.5,1.6,163.0
Monza,1300.0,1,7465.5,2.1,179.1
Monza,1500.0,1,7465.5,2.5,189.8
Monza,1748.2,1,7465.5,2.9,203.1
Monza,1800.0,1,7465.5,2.9,205.9
Monza,2000.0,1,7465.5,3.3,216.6
Monza,2500.0,1,7465.5,4.1,243.4
Monza,3000.0,1,7465.5,4.9,270.2
Monza,3500.0,1,7465.5,5.7,297.0
Monza,1000.0,2,14676.0,0.8,136.7
Monza,1300.0,2,14676.0,1.1,144.9
Monza,1500.0,2,14676.0,1.2,150.3
Monza,1748.2,2,14676.0,1.5,157.1
Monza,1800.0,2,14676.0,1.5,158.5
Monza,2000.0,2,14676.0,1.7,163.9
Monza,2500.0,2,14676.0,2.1,177.6
Monza,3000.0,2,14676.0,2.5,191.2
Monza,3500.0,2,14676.0,2.9,204.8
Monza,1000.0,3,21803.7,0.6,127.8
Monza,1300.0,3,21803.7,0.7,133.3
Monza,1500.0,3,21803.7,0.8,136.9
Monza,1748.2,3,21803.7,1.0,141.5
Monza,1800.0,3,21803.7,1.0,142.4
Monza,2000.0,3,21803.7,1.1,146.1
Monza,2500.0,3,21803.7,1.4,155.3
Monza,3000.0,3,21803.7,1.7,164.5
Monza,3500.0,3,21803.7,2.0,173.6
Monza,1000.0,4,28620.7,0.4,123.4
Monza,1300.0,4,28620.7,0.6,127.6
Monza,1500.0,4,28620.7,0.6,130.4
Monza,1748.2,4,28620.7,0.7,133.9
Monza,1800.0,4,28620.7,0.8,134.6
Monza,2000.0,4,28620.7,0.9,137.4
Monza,2500.0,4,28620.7,1.1,144.4
Monza,3000.0,4,28620.7,1.3,151.3
Monza,3500.0,4,28620.7,1.5,158.3
Modena,1000.0,1,8467.2,1.4,161.4
Modena,1300.0,1,8467.2,1.9,175.5
Modena,1500.0,1,8467.2,2.2,185.0
Modena,1748.2,1,8467.2,2.5,196.7
Modena,1800.0,1,8467.2,2.6,199.2
Modena,2000.0,1,8467.2,2.9,208.6
Modena,2500.0,1,8467.2,3.6,232.2
Modena,3000.0,1,8467.2,4.3,255.8
Modena,3500.0,1,8467.2,5.0,279.5
Modena,1000.0,2,16671.9,0.7,138.1
Modena,1300.0,2,16671.9,1.0,145.3
Modena,1500.0,2,16671.9,1.1,150.1
Modena,1748.2,2,16671.9,1.3,156.1
Modena,1800.0,2,16671.9,1.3,157.3
Modena,2000.0,2,16671.9,1.5,162.1
Modena,2500.0,2,16671.9,1.8,174.1
Modena,3000.0,2,16671.9,2.2,186.1
Modena,3500.0,2,16671.9,2.6,198.1
Modena,1000.0,3,24792.5,0.5,130.3
Modena,1300.0,3,24792.5,0.6,135.1
Modena,1500.0,3,24792.5,0.7,138.3
Modena,1748.2,3,24792.5,0.9,142.3
Modena,1800.0,3,24792.5,0.9,143.2
Modena,2000.0,3,24792.5,1.0,146.4
Modena,2500.0,3,24792.5,1.2,154.5
Modena,3000.0,3,24792.5,1.5,162.5
Modena,3500.0,3,24792.5,1.7,170.6
Modena,1000.0,4,32577.1,0.4,126.4
Modena,1300.0,4,32577.1,0.5,130.1
Modena,1500.0,4,32577.1,0.6,132.5
Modena,1748.2,4,32577.1,0.7,135.6
Modena,1800.0,4,32577.1,0.7,136.2
Modena,2000.0,4,32577.1,0.8,138.7
Modena,2500.0,4,32577.1,0.9,144.8
Modena,3000.0,4,32577.1,1.1,151.0
Modena,3500.0,4,32577.1,1.3,157.1
Milan,1000.0,1,9028.2,1.4,137.5
Milan,1300.0,1,9028.2,1.8,150.8
Milan,1500.0,1,9028.2,2.0,159.7
Milan,1748.2,1,9028.2,2.4,170.7
Milan,1800.0,1,9028.2,2.4,173.0
Milan,2000.0,1,9028.2,2.7,181.8
Milan,2500.0,1,9028.2,3.4,204.0
Milan,3000.0,1,9028.2,4.1,226.1
Milan,3500.0,1,9028.2,4.7,248.3
Milan,1000.0,2,17608.5,0.7,115.9
Milan,1300.0,2,17608.5,0.9,122.7
Milan,1500.0,2,17608.5,1.0,127.3
Milan,1748.2,2,17608.5,1.2,132.9
Milan,1800.0,2,17608.5,1.2,134.1
Milan,2000.0,2,17608.5,1.4,138.6
Milan,2500.0,2,17608.5,1.7,150.0
Milan,3000.0,2,17608.5,2.1,161.4
Milan,3500.0,2,17608.5,2.4,172.7
Milan,1000.0,3,26093.3,0.5,108.5
Milan,1300.0,3,26093.3,0.6,113.1
Milan,1500.0,3,26093.3,0.7,116.2
Milan,1748.2,3,26093.3,0.8,120.0
Milan,1800.0,3,26093.3,0.8,120.8
Milan,2000.0,3,26093.3,0.9,123.9
Milan,2500.0,3,26093.3,1.2,131.5
Milan,3000.0,3,26093.3,1.4,139.2
Milan,3500.0,3,26093.3,1.6,146.9
Milan,1000.0,4,34223.3,0.4,104.9
Milan,1300.0,4,34223.3,0.5,108.4
Milan,1500.0,4,34223.3,0.5,110.7
Milan,1748.2,4,34223.3,0.6,113.6
Milan,1800.0,4,34223.3,0.6,114.2
Milan,2000.0,4,34223.3,0.7,116.6
Milan,2500.0,4,34223.3,0.9,122.4
Milan,3000.0,4,34223.3,1.1,128.3
Milan,3500.0,4,34223.3,1.2,134.1
Lecce,1000.0,1,6579.9,1.9,207.0
Lecce,1300.0,1,6579.9,2.4,225.2
Lecce,1500.0,1,6579.9,2.8,237.4
Lecce,1748.2,1,6579.9,3.2,252.5
Lecce,1800.0,1,6579.9,3.3,255.6
Lecce,2000.0,1,6579.9,3.7,267.8
Lecce,2500.0,1,6579.9,4.6,298.2
Lecce,3000.0,1,6579.9,5.6,328.6
Lecce,3500.0,1,6579.9,6.5,358.9
Lecce,1000.0,2,12982.2,0.9,177.0
Lecce,1300.0,2,12982.2,1.2,186.2
Lecce,1500.0,2,12982.2,1.4,192.4
Lecce,1748.2,2,12982.2,1.6,200.0
Lecce,1800.0,2,12982.2,1.7,201.6
Lecce,2000.0,2,12982.2,1.9,207.8
Lecce,2500.0,2,12982.2,2.4,223.2
Lecce,3000.0,2,12982.2,2.8,238.6
Lecce,3500.0,2,12982.2,3.3,254.0
Lecce,1000.0,3,19308.5,0.6,166.9
Lecce,1300.0,3,19308.5,0.8,173.1
Lecce,1500.0,3,19308.5,0.9,177.3
Lecce,1748.2,3,19308.5,1.1,182.4
Lecce,1800.0,3,19308.5,1.1,183.5
Lecce,2000.0,3,19308.5,1.3,187.6
Lecce,2500.0,3,19308.5,1.6,198.0
Lecce,3000.0,3,19308.5,1.9,208.3
Lecce,3500.0,3,19308.5,2.2,218.7
Lecce,1000.0,4,25336.6,0.5,162.0
Lecce,1300.0,4,25336.6,0.6,166.7
Lecce,1500.0,4,25336.6,0.7,169.9
Lecce,1748.2,4,25336.6,0.8,173.8
Lecce,1800.0,4,25336.6,0.9,174.6
Lecce,2000.0,4,25336.6,1.0,177.8
Lecce,2500.0,4,25336.6,1.2,185.6
Lecce,3000.0,4,25336.6,1.4,193.5
Lecce,3500.0,4,25336.6,1.7,201.4
Genoa,1000.0,1,8183.1,1.5,169.6
Genoa,1300.0,1,8183.1,1.9,184.3
Genoa,1500.0,1,8183.1,2.2,194.0
Genoa,1748.2,1,8183.1,2.6,206.2
Genoa,1800.0,1,8183.1,2.7,208.7
Genoa,2000.0,1,8183.1,3.0,218.5
Genoa,2500.0,1,8183.1,3.7,242.9
Genoa,3000.0,1,8183.1,4.5,267.4
Genoa,3500.0,1,8183.1,5.2,291.8
Genoa,1000.0,2,16120.7,0.8,145.5
Genoa,1300.0,2,16120.7,1.0,153.0
Genoa,1500.0,2,16120.7,1.1,157.9
Genoa,1748.2,2,16120.7,1.3,164.1
Genoa,1800.0,2,16120.7,1.4,165.4
Genoa,2000.0,2,16120.7,1.5,170.3
Genoa,2500.0,2,16120.7,1.9,182.7
Genoa,3000.0,2,16120.7,2.3,195.2
Genoa,3500.0,2,16120.7,2.7,207.6
Genoa,1000.0,3,23955.7,0.5,137.4
Genoa,1300.0,3,23955.7,0.7,142.4
Genoa,1500.0,3,23955.7,0.8,145.8
Genoa,1748.2,3,23955.7,0.9,149.9
Genoa,1800.0,3,23955.7,0.9,150.8
Genoa,2000.0,3,23955.7,1.0,154.1
Genoa,2500.0,3,23955.7,1.3,162.5
Genoa,3000.0,3,23955.7,1.5,170.8
Genoa,3500.0,3,23955.7,1.8,179.2
Genoa,1000.0,4,31410.7,0.4,133.4
Genoa,1300.0,4,31410.7,0.5,137.3
Genoa,1500.0,4,31410.7,0.6,139.8
Genoa,1748.2,4,31410.7,0.7,143.0
Genoa,1800.0,4,31410.7,0.7,143.6
Genoa,2000.0,4,31410.7,0.8,146.2
Genoa,2500.0,4,31410.7,1.0,152.6
Genoa,3000.0,4,31410.7,1.2,158.9
Genoa,3500.0,4,31410.7,1.4,165.3
Florence,1000.0,1,8460.2,1.4,166.1
Florence,1300.0,1,8460.2,1.9,180.3
Florence,1500.0,1,8460.2,2.2,189.7
Florence,1748.2,1,8460.2,2.5,201.5
Florence,1800.0,1,8460.2,2.6,203.9
Florence,2000.0,1,8460.2,2.9,213.4
Florence,2500.0,1,8460.2,3.6,237.0
Florence,3000.0,1,8460.2,4.3,260.7
Florence,3500.0,1,8460.2,5.1,284.3
Florence,1000.0,2,16584.4,0.7,142.9
Florence,1300.0,2,16584.4,1.0,150.2
Florence,1500.0,2,16584.4,1.1,155.0
Florence,1748.2,2,16584.4,1.3,161.0
Florence,1800.0,2,16584.4,1.3,162.2
Florence,2000.0,2,16584.4,1.5,167.1
Florence,2500.0,2,16584.4,1.8,179.1
Florence,3000.0,2,16584.4,2.2,191.2
Florence,3500.0,2,16584.4,2.6,203.2
Florence,1000.0,3,24619.9,0.5,135.1
Florence,1300.0,3,24619.9,0.6,140.0
Florence,1500.0,3,24619.9,0.7,143.2
Florence,1748.2,3,24619.9,0.9,147.2
Florence,1800.0,3,24619.9,0.9,148.1
Florence,2000.0,3,24619.9,1.0,151.3
Florence,2500.0,3,24619.9,1.2,159.4
Florence,3000.0,3,24619.9,1.5,167.6
Florence,3500.0,3,24619.9,1.7,175.7
Florence,1000.0,4,32334.2,0.4,131.2
Florence,1300.0,4,32334.2,0.5,134.9
Florence,1500.0,4,32334.2,0.6,137.4
Florence,1748.2,4,32334.2,0.7,140.5
Florence,1800.0,4,32334.2,0.7,141.1
Florence,2000.0,4,32334.2,0.8,143.6
Florence,2500.0,4,32334.2,0.9,149.8
Florence,3000.0,4,32334.2,1.1,155.9
Florence,3500.0,4,32334.2,1.3,162.1
Como,1000.0,1,9304.8,1.3,165.3
Como,1300.0,1,9304.8,1.7,178.2
Como,1500.0,1,9304.8,2.0,186.8
Como,1748.2,1,9304.8,2.3,197.5
Como,1800.0,1,9304.8,2.4,199.7
Como,2000.0,1,9304.8,2.6,208.3
Como,2500.0,1,9304.8,3.3,229.8
Como,3000.0,1,9304.8,3.9,251.3
Como,3500.0,1,9304.8,4.6,272.8
Como,1000.0,2,18308.3,0.7,144.2
Como,1300.0,2,18308.3,0.9,150.7
Como,1500.0,2,18308.3,1.0,155.1
Como,1748.2,2,18308.3,1.2,160.5
Como,1800.0,2,18308.3,1.2,161.7
Como,2000.0,2,18308.3,1.3,166.0
Como,2500.0,2,18308.3,1.7,177.0
Como,3000.0,2,18308.3,2.0,187.9
Como,3500.0,2,18308.3,2.3,198.8
Como,1000.0,3,27209.7,0.4,137.0
Como,1300.0,3,27209.7,0.6,141.4
Como,1500.0,3,27209.7,0.7,144.4
Como,1748.2,3,27209.7,0.8,148.0
Como,1800.0,3,27209.7,0.8,148.8
Como,2000.0,3,27209.7,0.9,151.7
Como,2500.0,3,27209.7,1.1,159.1
Como,3000.0,3,27209.7,1.3,166.4
Como,3500.0,3,27209.7,1.6,173.8
Como,1000.0,4,35733.1,0.3,133.5
Como,1300.0,4,35733.1,0.4,136.9
Como,1500.0,4,35733.1,0.5,139.1
Como,1748.2,4,35733.1,0.6,141.9
Como,1800.0,4,35733.1,0.6,142.5
Como,2000.0,4,35733.1,0.7,144.7
Como,2500.0,4,35733.1,0.9,150.3
Como,3000.0,4,35733.1,1.0,155.9
Como,3500.0,4,35733.1,1.2,161.5
Catania,1000.0,1,5998.7,2.0,159.7
Catania,1300.0,1,5998.7,2.6,179.7
Catania,1500.0,1,5998.7,3.1,193.1
Catania,1748.2,1,5998.7,3.6,209.6
Catania,1800.0,1,5998.7,3.7,213.1
Catania,2000.0,1,5998.7,4.1,226.4
Catania,2500.0,1,5998.7,5.1,259.8
Catania,3000.0,1,5998.7,6.1,293.1
Catania,3500.0,1,5998.7,7.1,326.4
Catania,1000.0,2,11790.0,1.0,127.0
Catania,1300.0,2,11790.0,1.3,137.2
Catania,1500.0,2,11790.0,1.6,143.9
Catania,1748.2,2,11790.0,1.8,152.4
Catania,1800.0,2,11790.0,1.9,154.1
Catania,2000.0,2,11790.0,2.1,160.9
Catania,2500.0,2,11790.0,2.6,177.9
Catania,3000.0,2,11790.0,3.1,194.8
Catania,3500.0,2,11790.0,3.6,211.8
Catania,1000.0,3,17506.0,0.7,115.9
Catania,1300.0,3,17506.0,0.9,122.8
Catania,1500.0,3,17506.0,1.0,127.3
Catania,1748.2,3,17506.0,1.2,133.0
Catania,1800.0,3,17506.0,1.3,134.2
Catania,2000.0,3,17506.0,1.4,138.7
Catania,2500.0,3,17506.0,1.7,150.2
Catania,3000.0,3,17506.0,2.1,161.6
Catania,3500.0,3,17506.0,2.4,173.0
Catania,1000.0,4,22871.3,0.5,110.5
Catania,1300.0,4,22871.3,0.7,115.8
Catania,1500.0,4,22871.3,0.8,119.3
Catania,1748.2,4,22871.3,0.9,123.6
Catania,1800.0,4,22871.3,1.0,124.5
Catania,2000.0,4,22871.3,1.1,128.0
Catania,2500.0,4,22871.3,1.3,136.8
Catania,3000.0,4,22871.3,1.6,145.5
Catania,3500.0,4,22871.3,1.9,154.3
Cagliari,1000.0,1,7375.6,1.7,191.8
Cagliari,1300.0,1,7375.6,2.2,208.1
Cagliari,1500.0,1,7375.6,2.5,219.0
Cagliari,1748.2,1,7375.6,2.9,232.4
Cagliari,1800.0,1,7375.6,3.0,235.2
Cagliari,2000.0,1,7375.6,3.3,246.1
Cagliari,2500.0,1,7375.6,4.1,273.2
Cagliari,3000.0,1,7375.6,5.0,300.3
Cagliari,3500.0,1,7375.6,5.8,327.4
Cagliari,1000.0,2,14461.1,0.8,165.3
Cagliari,1300.0,2,14461.1,1.1,173.6
Cagliari,1500.0,2,14461.1,1.3,179.1
Cagliari,1748.2,2,14461.1,1.5,186.0
Cagliari,1800.0,2,14461.1,1.5,187.4
Cagliari,2000.0,2,14461.1,1.7,192.9
Cagliari,2500.0,2,14461.1,2.1,206.8
Cagliari,3000.0,2,14461.1,2.5,220.6
Cagliari,3500.0,2,14461.1,3.0,234.4
Cagliari,1000.0,3,21468.5,0.6,156.2
Cagliari,1300.0,3,21468.5,0.7,161.8
Cagliari,1500.0,3,21468.5,0.9,165.6
Cagliari,1748.2,3,21468.5,1.0,170.2
Cagliari,1800.0,3,21468.5,1.0,171.2
Cagliari,2000.0,3,21468.5,1.1,174.9
Cagliari,2500.0,3,21468.5,1.4,184.2
Cagliari,3000.0,3,21468.5,1.7,193.5
Cagliari,3500.0,3,21468.5,2.0,202.8
Cagliari,1000.0,4,28158.7,0.4,151.8
Cagliari,1300.0,4,28158.7,0.6,156.1
Cagliari,1500.0,4,28158.7,0.7,158.9
Cagliari,1748.2,4,28158.7,0.8,162.4
Cagliari,1800.0,4,28158.7,0.8,163.2
Cagliari,2000.0,4,28158.7,0.9,166.0
Cagliari,2500.0,4,28158.7,1.1,173.1
Cagliari,3000.0,4,28158.7,1.3,180.2
Cagliari,3500.0,4,28158.7,1.5,187.3
Brindisi,1000.0,1,6267.5,1.9,172.5
Brindisi,1300.0,1,6267.5,2.5,191.6
Brindisi,1500.0,1,6267.5,2.9,204.4
Brindisi,1748.2,1,6267.5,3.4,220.3
Brindisi,1800.0,1,6267.5,3.5,223.6
Brindisi,2000.0,1,6267.5,3.9,236.3
Brindisi,2500.0,1,6267.5,4.9,268.2
Brindisi,3000.0,1,6267.5,5.8,300.1
Brindisi,3500.0,1,6267.5,6.8,332.1
Brindisi,1000.0,2,12294.9,1.0,141.2
Brindisi,1300.0,2,12294.9,1.3,151.0
Brindisi,1500.0,2,12294.9,1.5,157.5
Brindisi,1748.2,2,12294.9,1.7,165.6
Brindisi,1800.0,2,12294.9,1.8,167.2
Brindisi,2000.0,2,12294.9,2.0,173.7
Brindisi,2500.0,2,12294.9,2.5,190.0
Brindisi,3000.0,2,12294.9,3.0,206.3
Brindisi,3500.0,2,12294.9,3.5,222.5
Brindisi,1000.0,3,18247.0,0.7,130.6
Brindisi,1300.0,3,18247.0,0.9,137.2
Brindisi,1500.0,3,18247.0,1.0,141.6
Brindisi,1748.2,3,18247.0,1.2,147.0
Brindisi,1800.0,3,18247.0,1.2,148.1
Brindisi,2000.0,3,18247.0,1.3,152.5
Brindisi,2500.0,3,18247.0,1.7,163.5
Brindisi,3000.0,3,18247.0,2.0,174.4
Brindisi,3500.0,3,18247.0,2.3,185.4
Brindisi,1000.0,4,23873.6,0.5,125.4
Brindisi,1300.0,4,23873.6,0.7,130.5
Brindisi,1500.0,4,23873.6,0.8,133.8
Brindisi,1748.2,4,23873.6,0.9,138.0
Brindisi,1800.0,4,23873.6,0.9,138.8
Brindisi,2000.0,4,23873.6,1.0,142.2
Brindisi,2500.0,4,23873.6,1.3,150.6
Brindisi,3000.0,4,23873.6,1.5,158.9
Brindisi,3500.0,4,23873.6,1.8,167.3
Brescia,1000.0,1,8010.0,1.5,154.5
Brescia,1300.0,1,8010.0,2.0,169.5
Brescia,1500.0,1,8010.0,2.3,179.5
Brescia,1748.2,1,8010.0,2.7,191.9
Brescia,1800.0,1,8010.0,2.7,194.5
Brescia,2000.0,1,8010.0,3.1,204.5
Brescia,2500.0,1,8010.0,3.8,229.4
Brescia,3000.0,1,8010.0,4.6,254.4
Brescia,3500.0,1,8010.0,5.3,279.4
Brescia,1000.0,2,15748.8,0.8,130.0
Brescia,1300.0,2,15748.8,1.0,137.6
Brescia,1500.0,2,15748.8,1.2,142.7
Brescia,1748.2,2,15748.8,1.4,149.0
Brescia,1800.0,2,15748.8,1.4,150.3
Brescia,2000.0,2,15748.8,1.6,155.4
Brescia,2500.0,2,15748.8,1.9,168.1
Brescia,3000.0,2,15748.8,2.3,180.8
Brescia,3500.0,2,15748.8,2.7,193.5
Brescia,1000.0,3,23403.0,0.5,121.7
Brescia,1300.0,3,23403.0,0.7,126.8
Brescia,1500.0,3,23403.0,0.8,130.2
Brescia,1748.2,3,23403.0,0.9,134.5
Brescia,1800.0,3,23403.0,0.9,135.3
Brescia,2000.0,3,23403.0,1.0,138.8
Brescia,2500.0,3,23403.0,1.3,147.3
Brescia,3000.0,3,23403.0,1.6,155.9
Brescia,3500.0,3,23403.0,1.8,164.4
Brescia,1000.0,4,30710.7,0.4,117.6
Brescia,1300.0,4,30710.7,0.5,121.5
Brescia,1500.0,4,30710.7,0.6,124.1
Brescia,1748.2,4,30710.7,0.7,127.3
Brescia,1800.0,4,30710.7,0.7,128.0
Brescia,2000.0,4,30710.7,0.8,130.6
Brescia,2500.0,4,30710.7,1.0,137.1
Brescia,3000.0,4,30710.7,1.2,143.7
Brescia,3500.0,4,30710.7,1.4,150.2
Bolzano-Bozen,1000.0,1,8480.3,1.4,187.4
Bolzano-Bozen,1300.0,1,8480.3,1.9,201.6
Bolzano-Bozen,1500.0,1,8480.3,2.2,211.0
Bolzano-Bozen,1748.2,1,8480.3,2.5,222.7
Bolzano-Bozen,1800.0,1,8480.3,2.6,225.1
Bolzano-Bozen,2000.0,1,8480.3,2.9,234.6
Bolzano-Bozen,2500.0,1,8480.3,3.6,258.2
Bolzano-Bozen,3000.0,1,8480.3,4.3,281.8
Bolzano-Bozen,3500.0,1,8480.3,5.0,305.3
Bolzano-Bozen,1000.0,2,16676.2,0.7,164.2
Bolzano-Bozen,1300.0,2,16676.2,1.0,171.4
Bolzano-Bozen,1500.0,2,16676.2,1.1,176.2
Bolzano-Bozen,1748.2,2,16676.2,1.3,182.2
Bolzano-Bozen,1800.0,2,16676.2,1.3,183.4
Bolzano-Bozen,2000.0,2,16676.2,1.5,188.2
Bolzano-Bozen,2500.0,2,16676.2,1.8,200.2
Bolzano-Bozen,3000.0,2,16676.2,2.2,212.2
Bolzano-Bozen,3500.0,2,16676.2,2.6,224.2
Bolzano-Bozen,1000.0,3,24777.6,0.5,156.4
Bolzano-Bozen,1300.0,3,24777.6,0.6,161.2
Bolzano-Bozen,1500.0,3,24777.6,0.7,164.5
Bolzano-Bozen,1748.2,3,24777.6,0.9,168.5
Bolzano-Bozen,1800.0,3,24777.6,0.9,169.3
Bolzano-Bozen,2000.0,3,24777.6,1.0,172.5
Bolzano-Bozen,2500.0,3,24777.6,1.2,180.6
Bolzano-Bozen,3000.0,3,24777.6,1.5,188.7
Bolzano-Bozen,3500.0,3,24777.6,1.7,196.7
Bolzano-Bozen,1000.0,4,32412.8,0.4,152.6
Bolzano-Bozen,1300.0,4,32412.8,0.5,156.3
Bolzano-Bozen,1500.0,4,32412.8,0.6,158.8
Bolzano-Bozen,1748.2,4,32412.8,0.7,161.8
Bolzano-Bozen,1800.0,4,32412.8,0.7,162.5
Bolzano-Bozen,2000.0,4,32412.8,0.8,164.9
Bolzano-Bozen,2500.0,4,32412.8,0.9,171.1
Bolzano-Bozen,3000.0,4,32412.8,1.1,177.3
Bolzano-Bozen,3500.0,4,32412.8,1.3,183.4
Bologna,1000.0,1,7934.1,1.5,165.0
Bologna,1300.0,1,7934.1,2.0,180.1
Bologna,1500.0,1,7934.1,2.3,190.2
Bologna,1748.2,1,7934.1,2.7,202.7
Bologna,1800.0,1,7934.1,2.8,205.3
Bologna,2000.0,1,7934.1,3.1,215.4
Bologna,2500.0,1,7934.1,3.8,240.6
Bologna,3000.0,1,7934.1,4.6,265.8
Bologna,3500.0,1,7934.1,5.4,291.0
Bologna,1000.0,2,15551.4,0.8,140.3
Bologna,1300.0,2,15551.4,1.0,148.0
Bologna,1500.0,2,15551.4,1.2,153.1
Bologna,1748.2,2,15551.4,1.4,159.5
Bologna,1800.0,2,15551.4,1.4,160.9
Bologna,2000.0,2,15551.4,1.6,166.0
Bologna,2500.0,2,15551.4,2.0,178.9
Bologna,3000.0,2,15551.4,2.4,191.7
Bologna,3500.0,2,15551.4,2.7,204.6
Bologna,1000.0,3,23069.4,0.5,131.9
Bologna,1300.0,3,23069.4,0.7,137.1
Bologna,1500.0,3,23069.4,0.8,140.6
Bologna,1748.2,3,23069.4,0.9,144.9
Bologna,1800.0,3,23069.4,1.0,145.8
Bologna,2000.0,3,23069.4,1.1,149.2
Bologna,2500.0,3,23069.4,1.3,157.9
Bologna,3000.0,3,23069.4,1.6,166.6
Bologna,3500.0,3,23069.4,1.9,175.2
Bologna,1000.0,4,30262.0,0.4,127.8
Bologna,1300.0,4,30262.0,0.5,131.7
Bologna,1500.0,4,30262.0,0.6,134.4
Bologna,1748.2,4,30262.0,0.7,137.7
Bologna,1800.0,4,30262.0,0.7,138.3
Bologna,2000.0,4,30262.0,0.8,141.0
Bologna,2500.0,4,30262.0,1.0,147.6
Bologna,3000.0,4,30262.0,1.2,154.2
Bologna,3500.0,4,30262.0,1.4,160.8
Bergamo,1000.0,1,7555.1,1.6,183.0
Bergamo,1300.0,1,7555.1,2.1,198.9
Bergamo,1500.0,1,7555.1,2.4,209.5
Bergamo,1748.2,1,7555.1,2.8,222.6
Bergamo,1800.0,1,7555.1,2.9,225.4
Bergamo,2000.0,1,7555.1,3.2,236.0
Bergamo,2500.0,1,7555.1,4.0,262.4
Bergamo,3000.0,1,7555.1,4.9,288.9
Bergamo,3500.0,1,7555.1,5.7,315.4
Bergamo,1000.0,2,14843.0,0.8,157.0
Bergamo,1300.0,2,14843.0,1.1,165.1
Bergamo,1500.0,2,14843.0,1.2,170.5
Bergamo,1748.2,2,14843.0,1.4,177.2
Bergamo,1800.0,2,14843.0,1.5,178.6
Bergamo,2000.0,2,14843.0,1.6,184.0
Bergamo,2500.0,2,14843.0,2.1,197.5
Bergamo,3000.0,2,14843.0,2.5,210.9
Bergamo,3500.0,2,14843.0,2.9,224.4
Bergamo,1000.0,3,22044.6,0.6,148.2
Bergamo,1300.0,3,22044.6,0.7,153.7
Bergamo,1500.0,3,22044.6,0.8,157.3
Bergamo,1748.2,3,22044.6,1.0,161.8
Bergamo,1800.0,3,22044.6,1.0,162.7
Bergamo,2000.0,3,22044.6,1.1,166.4
Bergamo,2500.0,3,22044.6,1.4,175.4
Bergamo,3000.0,3,22044.6,1.7,184.5
Bergamo,3500.0,3,22044.6,1.9,193.6
Bergamo,1000.0,4,28922.8,0.4,143.9
Bergamo,1300.0,4,28922.8,0.5,148.1
Bergamo,1500.0,4,28922.8,0.6,150.8
Bergamo,1748.2,4,28922.8,0.7,154.3
Bergamo,1800.0,4,28922.8,0.8,155.0
Bergamo,2000.0,4,28922.8,0.8,157.7
Bergamo,2500.0,4,28922.8,1.1,164.7
Bergamo,3000.0,4,28922.8,1.3,171.6
Bergamo,3500.0,4,28922.8,1.5,178.5
Bari,1000.0,1,7345.4,1.7,174.3
Bari,1300.0,1,7345.4,2.2,190.6
Bari,1500.0,1,7345.4,2.5,201.5
Bari,1748.2,1,7345.4,2.9,215.0
Bari,1800.0,1,7345.4,3.0,217.8
Bari,2000.0,1,7345.4,3.3,228.7
Bari,2500.0,1,7345.4,4.2,256.0
Bari,3000.0,1,7345.4,5.0,283.2
Bari,3500.0,1,7345.4,5.8,310.4
Bari,1000.0,2,14416.6,0.8,147.6
Bari,1300.0,2,14416.6,1.1,155.9
Bari,1500.0,2,14416.6,1.3,161.4
Bari,1748.2,2,14416.6,1.5,168.3
Bari,1800.0,2,14416.6,1.5,169.8
Bari,2000.0,2,14416.6,1.7,175.3
Bari,2500.0,2,14416.6,2.1,189.2
Bari,3000.0,2,14416.6,2.5,203.1
Bari,3500.0,2,14416.6,3.0,216.9
Bari,1000.0,3,21405.6,0.6,138.5
Bari,1300.0,3,21405.6,0.7,144.1
Bari,1500.0,3,21405.6,0.9,147.9
Bari,1748.2,3,21405.6,1.0,152.5
Bari,1800.0,3,21405.6,1.0,153.5
Bari,2000.0,3,21405.6,1.1,157.2
Bari,2500.0,3,21405.6,1.4,166.5
Bari,3000.0,3,21405.6,1.7,175.9
Bari,3500.0,3,21405.6,2.0,185.2
Bari,1000.0,4,28083.9,0.4,134.1
Bari,1300.0,4,28083.9,0.6,138.3
Bari,1500.0,4,28083.9,0.7,141.2
Bari,1748.2,4,28083.9,0.8,144.7
Bari,1800.0,4,28083.9,0.8,145.5
Bari,2000.0,4,28083.9,0.9,148.3
Bari,2500.0,4,28083.9,1.1,155.4
Bari,3000.0,4,28083.9,1.3,162.6
Bari,3500.0,4,28083.9,1.5,169.7
Arezzo,1000.0,1,7036.3,1.7,172.8
Arezzo,1300.0,1,7036.3,2.3,189.9
Arezzo,1500.0,1,7036.3,2.6,201.2
Arezzo,1748.2,1,7036.3,3.0,215.3
Arezzo,1800.0,1,7036.3,3.1,218.3
Arezzo,2000.0,1,7036.3,3.5,229.7
Arezzo,2500.0,1,7036.3,4.3,258.1
Arezzo,3000.0,1,7036.3,5.2,286.5
Arezzo,3500.0,1,7036.3,6.1,314.9
Arezzo,1000.0,2,13843.9,0.9,144.9
Arezzo,1300.0,2,13843.9,1.1,153.5
Arezzo,1500.0,2,13843.9,1.3,159.3
Arezzo,1748.2,2,13843.9,1.5,166.5
Arezzo,1800.0,2,13843.9,1.6,168.0
Arezzo,2000.0,2,13843.9,1.8,173.7
Arezzo,2500.0,2,13843.9,2.2,188.2
Arezzo,3000.0,2,13843.9,2.6,202.6
Arezzo,3500.0,2,13843.9,3.1,217.1
Arezzo,1000.0,3,20547.1,0.6,135.4
Arezzo,1300.0,3,20547.1,0.8,141.3
Arezzo,1500.0,3,20547.1,0.9,145.2
Arezzo,1748.2,3,20547.1,1.0,150.0
Arezzo,1800.0,3,20547.1,1.1,151.0
Arezzo,2000.0,3,20547.1,1.2,154.9
Arezzo,2500.0,3,20547.1,1.5,164.6
Arezzo,3000.0,3,20547.1,1.8,174.4
Arezzo,3500.0,3,20547.1,2.1,184.1
Arezzo,1000.0,4,26977.2,0.5,130.8
Arezzo,1300.0,4,26977.2,0.6,135.2
Arezzo,1500.0,4,26977.2,0.7,138.2
Arezzo,1748.2,4,26977.2,0.8,141.9
Arezzo,1800.0,4,26977.2,0.8,142.6
Arezzo,2000.0,4,26977.2,0.9,145.6
Arezzo,2500.0,4,26977.2,1.1,153.0
Arezzo,3000.0,4,26977.2,1.4,160.4
Arezzo,3500.0,4,26977.2,1.6,167.9
Ancona,1000.0,1,7413.0,1.6,179.2
Ancona,1300.0,1,7413.0,2.1,195.4
Ancona,1500.0,1,7413.0,2.5,206.2
Ancona,1748.2,1,7413.0,2.9,219.6
Ancona,1800.0,1,7413.0,3.0,222.4
Ancona,2000.0,1,7413.0,3.3,233.2
Ancona,2500.0,1,7413.0,4.1,260.2
Ancona,3000.0,1,7413.0,4.9,287.1
Ancona,3500.0,1,7413.0,5.8,314.1
Ancona,1000.0,2,14606.2,0.8,152.7
Ancona,1300.0,2,14606.2,1.1,160.9
Ancona,1500.0,2,14606.2,1.3,166.3
Ancona,1748.2,2,14606.2,1.5,173.1
Ancona,1800.0,2,14606.2,1.5,174.6
Ancona,2000.0,2,14606.2,1.7,180.0
Ancona,2500.0,2,14606.2,2.1,193.7
Ancona,3000.0,2,14606.2,2.5,207.4
Ancona,3500.0,2,14606.2,2.9,221.1
Ancona,1000.0,3,21704.3,0.6,143.7
Ancona,1300.0,3,21704.3,0.7,149.2
Ancona,1500.0,3,21704.3,0.8,152.9
Ancona,1748.2,3,21704.3,1.0,157.5
Ancona,1800.0,3,21704.3,1.0,158.4
Ancona,2000.0,3,21704.3,1.1,162.1
Ancona,2500.0,3,21704.3,1.4,171.3
Ancona,3000.0,3,21704.3,1.7,180.6
Ancona,3500.0,3,21704.3,2.0,189.8
Ancona,1000.0,4,28476.9,0.4,139.3
Ancona,1300.0,4,28476.9,0.6,143.5
Ancona,1500.0,4,28476.9,0.6,146.3
Ancona,1748.2,4,28476.9,0.7,149.8
Ancona,1800.0,4,28476.9,0.8,150.6
Ancona,2000.0,4,28476.9,0.9,153.4
Ancona,2500.0,4,28476.9,1.1,160.4
Ancona,3000.0,4,28476.9,1.3,167.4
Ancona,3500.0,4,28476.9,1.5,174.4
